1000,1e-13,0.0,0.0,0.0,0.0,Inputs in Brent [0.000000 - 31874.718900] do not bracket the root.  Function values are [-1.000000 - -13.596298] : PropsSI("HMASS" - "P" - -41905285.31 - "T" - 323.15 - "co2")
1000,1e-12,0.0,0.0,0.0,0.0,GenGeo::FluidSystemCO2:TurbinePowerNegative - Turbine Power is Negative
1000,1.0000000000000001e-11,0.0,0.0,0.0,0.0,GenGeo::FluidSystemCO2:TurbinePowerNegative - Turbine Power is Negative
1000,1e-10,0.0,0.0,0.0,0.0,GenGeo::FluidSystemCO2:TurbinePowerNegative - Turbine Power is Negative
1000,1e-09,0.0,0.0,0.0,0.0,GenGeo::FluidSystemCO2:TurbinePowerNegative - Turbine Power is Negative
1000,1e-08,0.0,0.0,0.0,0.0,GenGeo::FluidSystemCO2:TurbinePowerNegative - Turbine Power is Negative
2000,1e-13,0.0,0.0,0.0,0.0,Inputs in Brent [0.000000 - 31874.718900] do not bracket the root.  Function values are [-1.000000 - -15.836687] : PropsSI("HMASS" - "P" - -41114881.52 - "T" - 358.15 - "co2")
2000,1e-12,9.312898799,3157.853601157628,8958.151440125695,0.018779830392096998,
2000,1.0000000000000001e-11,62.73043829900004,938.0305469921286,2070.3183794934826,0.09620222571749378,
2000,1e-10,62.440392599000035,939.4838411279736,2075.374809619753,0.09589706464882013,
2000,1e-09,62.40149639900004,939.7263015849735,2076.1572739176445,0.09585149673972458,
2000,1e-08,62.38204829900004,939.7519515096947,2076.3305283454943,0.09583904875518678,
3000,1e-13,0.0,0.0,0.0,0.0,Inputs in Brent [0.000000 - 31874.718900] do not bracket the root.  Function values are [-1.000000 - -17.352023] : PropsSI("HMASS" - "P" - -42003624.34 - "T" - 393.15 - "co2")
3000,1e-12,7.1156582990000015,1541.3268135463506,3966.6417376429017,0.044913181606732494,
3000,1.0000000000000001e-11,47.89023069899999,282.13774768222686,520.0999922680451,0.45775585042518485,
3000,1e-10,111.32916449900016,148.82767209617958,234.65908374240342,1.2690995936131662,
3000,1e-09,124.42239259900019,135.0849332604462,209.45855517966697,1.464613485649218,
3000,1e-08,125.82561259900017,133.7156017385268,207.0055284155762,1.4862698678831918,
4000,1e-13,0.0,0.0,0.0,0.0,Inputs in Brent [0.000000 - 31874.718900] do not bracket the root.  Function values are [-1.000000 - -18.714428] : PropsSI("HMASS" - "P" - -42849224.43 - "T" - 428.15 - "co2")
4000,1e-12,9.510334498999999,1060.044731884505,2396.822380172414,0.08148595974729111,
4000,1.0000000000000001e-11,61.07143829900004,221.654547241869,347.47402846422517,0.865753129652168,
4000,1e-10,134.2566206990001,130.48760854450097,179.0983757625478,2.240832965068429,
4000,1e-09,148.54394449900013,120.87154425495886,163.6111330967867,2.548658342095754,
4000,1e-08,150.0714382990001,119.91042794349086,162.0906829200932,2.5824549827849665,
5000,1e-13,0.0,0.0,0.0,0.0,Inputs in Brent [0.000000 - 31874.718900] do not bracket the root.  Function values are [-1.000000 - -19.945563] : PropsSI("HMASS" - "P" - -43662384.25 - "T" - 463.15 - "co2")
5000,1e-12,12.565496399000002,681.3807743695967,1372.2582175716054,0.1576670518212546,
5000,1.0000000000000001e-11,76.24782019900012,167.42854208236932,237.2185049985636,1.56080624043706,
5000,1e-10,159.22304829900014,106.06568515742671,135.08111438568932,3.7541615801211243,
5000,1e-09,174.67288639900013,99.44920740322388,125.30407807979799,4.213078881812475,
5000,1e-08,176.33123069900017,98.78553855111612,124.33637619369817,4.2632109038151755,
6000,1e-13,0.0,0.0,0.0,0.0,Inputs in Brent [0.000000 - 31874.718900] do not bracket the root.  Function values are [-1.000000 - -21.063542] : PropsSI("HMASS" - "P" - -44449317.86 - "T" - 498.15 - "co2")
6000,1e-12,15.549268298999994,462.1011878784168,847.8499214529903,0.2823822871174995,
6000,1.0000000000000001e-11,91.68461259900015,131.85649029203245,174.34346066588625,2.563812121245081,
6000,1e-10,183.84394449900017,88.01914215882081,106.7919949095818,5.802453739219331,
6000,1e-09,200.30888639900013,83.21875285259384,100.12497046425646,6.443109401615859,
6000,1e-08,202.05343829900013,82.7361547141398,99.46288302039696,6.512248399390748,
7000,1e-13,0.0,0.0,0.0,0.0,Inputs in Brent [0.000000 - 31874.718900] do not bracket the root.  Function values are [-1.000000 - -22.084112] : PropsSI("HMASS" - "P" - -45212583.34 - "T" - 533.15 - "co2")
7000,1e-12,18.465164498999997,337.16239485640665,573.4729171010218,0.4609553929499183,
7000,1.0000000000000001e-11,106.9581063990002,108.0611648663864,136.04703054175673,3.8922722957014853,
7000,1e-10,207.59765829900002,74.96240490116314,87.95226785220983,8.385662731775778,
7000,1e-09,224.94923069899974,71.30169257896767,83.0980153405621,9.234115735973976,
7000,1e-08,226.77400259899974,70.93317371779409,82.61463033206897,9.32491668088335,
